{
    "1": {
        "completion_tokens": 236,
        "prompt_tokens": 7821,
        "total_tokens": 8057,
        "time_elapsed": 8.33928656578064
    },
    "2": {
        "completion_tokens": 252,
        "prompt_tokens": 7842,
        "total_tokens": 8094,
        "time_elapsed": 10.888332843780518
    },
    "3": {
        "completion_tokens": 287,
        "prompt_tokens": 7823,
        "total_tokens": 8110,
        "time_elapsed": 9.40813422203064
    },
    "4": {
        "completion_tokens": 215,
        "prompt_tokens": 7813,
        "total_tokens": 8028,
        "time_elapsed": 7.494039297103882
    },
    "5": {
        "completion_tokens": 289,
        "prompt_tokens": 7840,
        "total_tokens": 8129,
        "time_elapsed": 9.404090642929077
    },
    "6": {
        "completion_tokens": 336,
        "prompt_tokens": 7912,
        "total_tokens": 8248,
        "time_elapsed": 10.75330114364624
    },
    "7": {
        "completion_tokens": 230,
        "prompt_tokens": 7942,
        "total_tokens": 8172,
        "time_elapsed": 8.390832901000977
    },
    "8": {
        "completion_tokens": 378,
        "prompt_tokens": 7999,
        "total_tokens": 8377,
        "time_elapsed": 12.097245216369629
    },
    "9": {
        "completion_tokens": 292,
        "prompt_tokens": 7904,
        "total_tokens": 8196,
        "time_elapsed": 9.71117901802063
    },
    "10": {
        "completion_tokens": 220,
        "prompt_tokens": 7818,
        "total_tokens": 8038,
        "time_elapsed": 7.985901594161987
    },
    "11": {
        "completion_tokens": 320,
        "prompt_tokens": 7918,
        "total_tokens": 8238,
        "time_elapsed": 9.829433679580688
    },
    "12": {
        "completion_tokens": 285,
        "prompt_tokens": 7825,
        "total_tokens": 8110,
        "time_elapsed": 9.527113199234009
    },
    "13": {
        "completion_tokens": 310,
        "prompt_tokens": 7839,
        "total_tokens": 8149,
        "time_elapsed": 10.028714656829834
    },
    "14": {
        "completion_tokens": 253,
        "prompt_tokens": 7843,
        "total_tokens": 8096,
        "time_elapsed": 9.09155797958374
    },
    "15": {
        "completion_tokens": 293,
        "prompt_tokens": 7784,
        "total_tokens": 8077,
        "time_elapsed": 9.16360878944397
    },
    "16": {
        "completion_tokens": 247,
        "prompt_tokens": 7838,
        "total_tokens": 8085,
        "time_elapsed": 8.568763256072998
    },
    "17": {
        "completion_tokens": 362,
        "prompt_tokens": 8061,
        "total_tokens": 8423,
        "time_elapsed": 11.238370418548584
    },
    "18": {
        "completion_tokens": 179,
        "prompt_tokens": 7788,
        "total_tokens": 7967,
        "time_elapsed": 7.401314735412598
    },
    "19": {
        "completion_tokens": 271,
        "prompt_tokens": 7897,
        "total_tokens": 8168,
        "time_elapsed": 8.902089595794678
    },
    "20": {
        "completion_tokens": 273,
        "prompt_tokens": 7815,
        "total_tokens": 8088,
        "time_elapsed": 9.009008646011353
    },
    "21": {
        "completion_tokens": 268,
        "prompt_tokens": 7838,
        "total_tokens": 8106,
        "time_elapsed": 8.703693628311157
    },
    "22": {
        "completion_tokens": 288,
        "prompt_tokens": 7949,
        "total_tokens": 8237,
        "time_elapsed": 9.577473640441895
    },
    "23": {
        "completion_tokens": 324,
        "prompt_tokens": 7936,
        "total_tokens": 8260,
        "time_elapsed": 10.033175468444824
    },
    "24": {
        "completion_tokens": 380,
        "prompt_tokens": 7960,
        "total_tokens": 8340,
        "time_elapsed": 10.805042743682861
    },
    "25": {
        "completion_tokens": 225,
        "prompt_tokens": 7888,
        "total_tokens": 8113,
        "time_elapsed": 7.474206209182739
    },
    "26": {
        "completion_tokens": 299,
        "prompt_tokens": 7978,
        "total_tokens": 8277,
        "time_elapsed": 10.853713512420654
    },
    "27": {
        "completion_tokens": 284,
        "prompt_tokens": 7870,
        "total_tokens": 8154,
        "time_elapsed": 9.521530866622925
    },
    "28": {
        "completion_tokens": 312,
        "prompt_tokens": 8064,
        "total_tokens": 8376,
        "time_elapsed": 9.387728929519653
    },
    "29": {
        "completion_tokens": 235,
        "prompt_tokens": 7990,
        "total_tokens": 8225,
        "time_elapsed": 8.195238590240479
    },
    "30": {
        "completion_tokens": 308,
        "prompt_tokens": 7894,
        "total_tokens": 8202,
        "time_elapsed": 9.754374027252197
    },
    "31": {
        "completion_tokens": 331,
        "prompt_tokens": 8061,
        "total_tokens": 8392,
        "time_elapsed": 9.799343824386597
    },
    "32": {
        "completion_tokens": 322,
        "prompt_tokens": 8009,
        "total_tokens": 8331,
        "time_elapsed": 9.244733095169067
    },
    "33": {
        "completion_tokens": 238,
        "prompt_tokens": 7862,
        "total_tokens": 8100,
        "time_elapsed": 8.195848941802979
    },
    "34": {
        "completion_tokens": 225,
        "prompt_tokens": 7790,
        "total_tokens": 8015,
        "time_elapsed": 7.57072114944458
    },
    "35": {
        "completion_tokens": 0,
        "prompt_tokens": 0,
        "total_tokens": 0,
        "time_elapsed": 0
    },
    "36": {
        "completion_tokens": 278,
        "prompt_tokens": 7843,
        "total_tokens": 8121,
        "time_elapsed": 9.106458902359009
    },
    "37": {
        "completion_tokens": 291,
        "prompt_tokens": 7806,
        "total_tokens": 8097,
        "time_elapsed": 8.908235549926758
    },
    "38": {
        "completion_tokens": 366,
        "prompt_tokens": 7915,
        "total_tokens": 8281,
        "time_elapsed": 12.59834909439087
    },
    "39": {
        "completion_tokens": 292,
        "prompt_tokens": 7849,
        "total_tokens": 8141,
        "time_elapsed": 8.516242027282715
    },
    "40": {
        "completion_tokens": 283,
        "prompt_tokens": 7842,
        "total_tokens": 8125,
        "time_elapsed": 8.991734027862549
    },
    "41": {
        "completion_tokens": 304,
        "prompt_tokens": 7874,
        "total_tokens": 8178,
        "time_elapsed": 9.725709199905396
    },
    "42": {
        "completion_tokens": 260,
        "prompt_tokens": 7799,
        "total_tokens": 8059,
        "time_elapsed": 8.595967054367065
    },
    "43": {
        "completion_tokens": 287,
        "prompt_tokens": 7879,
        "total_tokens": 8166,
        "time_elapsed": 9.2194664478302
    },
    "44": {
        "completion_tokens": 204,
        "prompt_tokens": 7785,
        "total_tokens": 7989,
        "time_elapsed": 7.693363666534424
    },
    "45": {
        "completion_tokens": 258,
        "prompt_tokens": 7866,
        "total_tokens": 8124,
        "time_elapsed": 8.478336572647095
    },
    "46": {
        "completion_tokens": 262,
        "prompt_tokens": 7843,
        "total_tokens": 8105,
        "time_elapsed": 8.599436521530151
    },
    "47": {
        "completion_tokens": 242,
        "prompt_tokens": 7911,
        "total_tokens": 8153,
        "time_elapsed": 7.77992057800293
    },
    "48": {
        "completion_tokens": 326,
        "prompt_tokens": 7890,
        "total_tokens": 8216,
        "time_elapsed": 9.834252119064331
    },
    "49": {
        "completion_tokens": 316,
        "prompt_tokens": 7949,
        "total_tokens": 8265,
        "time_elapsed": 9.515285730361938
    },
    "50": {
        "completion_tokens": 298,
        "prompt_tokens": 7822,
        "total_tokens": 8120,
        "time_elapsed": 9.112769842147827
    },
    "51": {
        "completion_tokens": 250,
        "prompt_tokens": 7862,
        "total_tokens": 8112,
        "time_elapsed": 8.599438190460205
    },
    "52": {
        "completion_tokens": 253,
        "prompt_tokens": 7842,