{
    "1": {
        "completion_tokens": 188,
        "prompt_tokens": 7851,
        "total_tokens": 8039,
        "time_elapsed": 3.63226580619812
    },
    "2": {
        "completion_tokens": 222,
        "prompt_tokens": 7868,
        "total_tokens": 8090,
        "time_elapsed": 3.790947437286377
    },
    "3": {
        "completion_tokens": 211,
        "prompt_tokens": 7897,
        "total_tokens": 8108,
        "time_elapsed": 3.8343894481658936
    },
    "4": {
        "completion_tokens": 224,
        "prompt_tokens": 7864,
        "total_tokens": 8088,
        "time_elapsed": 3.7604379653930664
    },
    "5": {
        "completion_tokens": 224,
        "prompt_tokens": 7952,
        "total_tokens": 8176,
        "time_elapsed": 3.9679532051086426
    },
    "6": {
        "completion_tokens": 250,
        "prompt_tokens": 7922,
        "total_tokens": 8172,
        "time_elapsed": 3.6776514053344727
    },
    "7": {
        "completion_tokens": 184,
        "prompt_tokens": 7989,
        "total_tokens": 8173,
        "time_elapsed": 3.6296679973602295
    },
    "8": {
        "completion_tokens": 270,
        "prompt_tokens": 8020,
        "total_tokens": 8290,
        "time_elapsed": 3.9733479022979736
    },
    "9": {
        "completion_tokens": 211,
        "prompt_tokens": 7922,
        "total_tokens": 8133,
        "time_elapsed": 3.9657773971557617
    },
    "10": {
        "completion_tokens": 195,
        "prompt_tokens": 7915,
        "total_tokens": 8110,
        "time_elapsed": 3.759735584259033
    },
    "11": {
        "completion_tokens": 293,
        "prompt_tokens": 7970,
        "total_tokens": 8263,
        "time_elapsed": 4.17600154876709
    },
    "12": {
        "completion_tokens": 152,
        "prompt_tokens": 7844,
        "total_tokens": 7996,
        "time_elapsed": 2.954399347305298
    },
    "13": {
        "completion_tokens": 302,
        "prompt_tokens": 7968,
        "total_tokens": 8270,
        "time_elapsed": 4.503216981887817
    },
    "14": {
        "completion_tokens": 256,
        "prompt_tokens": 7876,
        "total_tokens": 8132,
        "time_elapsed": 3.7174785137176514
    },
    "15": {
        "completion_tokens": 230,
        "prompt_tokens": 7804,
        "total_tokens": 8034,
        "time_elapsed": 3.6552679538726807
    },
    "16": {
        "completion_tokens": 202,
        "prompt_tokens": 7864,
        "total_tokens": 8066,
        "time_elapsed": 3.343743085861206
    },
    "17": {
        "completion_tokens": 312,
        "prompt_tokens": 8093,
        "total_tokens": 8405,
        "time_elapsed": 4.178829908370972
    },
    "18": {
        "completion_tokens": 184,
        "prompt_tokens": 7820,
        "total_tokens": 8004,
        "time_elapsed": 3.131378173828125
    },
    "19": {
        "completion_tokens": 216,
        "prompt_tokens": 7926,
        "total_tokens": 8142,
        "time_elapsed": 3.4527926445007324
    },
    "20": {
        "completion_tokens": 269,
        "prompt_tokens": 7970,
        "total_tokens": 8239,
        "time_elapsed": 4.168821811676025
    },
    "21": {
        "completion_tokens": 215,
        "prompt_tokens": 7840,
        "total_tokens": 8055,
        "time_elapsed": 3.6152892112731934
    },
    "22": {
        "completion_tokens": 238,
        "prompt_tokens": 7971,
        "total_tokens": 8209,
        "time_elapsed": 3.3847033977508545
    },
    "23": {
        "completion_tokens": 209,
        "prompt_tokens": 7964,
        "total_tokens": 8173,
        "time_elapsed": 3.236586570739746
    },
    "24": {
        "completion_tokens": 331,
        "prompt_tokens": 7986,
        "total_tokens": 8317,
        "time_elapsed": 4.697324514389038
    },
    "25": {
        "completion_tokens": 205,
        "prompt_tokens": 7917,
        "total_tokens": 8122,
        "time_elapsed": 3.339128017425537
    },
    "26": {
        "completion_tokens": 316,
        "prompt_tokens": 8006,
        "total_tokens": 8322,
        "time_elapsed": 4.50215220451355
    },
    "27": {
        "completion_tokens": 206,
        "prompt_tokens": 7887,
        "total_tokens": 8093,
        "time_elapsed": 3.2245705127716064
    },
    "28": {
        "completion_tokens": 253,
        "prompt_tokens": 8120,
        "total_tokens": 8373,
        "time_elapsed": 3.7591042518615723
    },
    "29": {
        "completion_tokens": 245,
        "prompt_tokens": 8022,
        "total_tokens": 8267,
        "time_elapsed": 3.6533172130584717
    },
    "30": {
        "completion_tokens": 260,
        "prompt_tokens": 7921,
        "total_tokens": 8181,
        "time_elapsed": 3.7590444087982178
    },
    "31": {
        "completion_tokens": 254,
        "prompt_tokens": 8066,
        "total_tokens": 8320,
        "time_elapsed": 3.8627777099609375
    },
    "32": {
        "completion_tokens": 313,
        "prompt_tokens": 8100,
        "total_tokens": 8413,
        "time_elapsed": 4.274927139282227
    },
    "33": {
        "completion_tokens": 184,
        "prompt_tokens": 7888,
        "total_tokens": 8072,
        "time_elapsed": 4.269243240356445
    },
    "34": {
        "completion_tokens": 229,
        "prompt_tokens": 7916,
        "total_tokens": 8145,
        "time_elapsed": 3.3316116333007812
    },
    "35": {
        "completion_tokens": 266,
        "prompt_tokens": 7992,
        "total_tokens": 8258,
        "time_elapsed": 3.6781628131866455
    },
    "36": {
        "completion_tokens": 241,
        "prompt_tokens": 7887,
        "total_tokens": 8128,
        "time_elapsed": 3.2650208473205566
    },
    "37": {
        "completion_tokens": 233,
        "prompt_tokens": 7910,
        "total_tokens": 8143,
        "time_elapsed": 3.6286604404449463
    },
    "38": {
        "completion_tokens": 244,
        "prompt_tokens": 7950,
        "total_tokens": 8194,
        "time_elapsed": 3.654308319091797
    },
    "39": {
        "completion_tokens": 230,
        "prompt_tokens": 7865,
        "total_tokens": 8095,
        "time_elapsed": 3.446984052658081
    },
    "40": {
        "completion_tokens": 210,
        "prompt_tokens": 7891,
        "total_tokens": 8101,
        "time_elapsed": 3.236501455307007
    },
    "41": {
        "completion_tokens": 255,
        "prompt_tokens": 7913,
        "total_tokens": 8168,
        "time_elapsed": 3.737220525741577
    },
    "42": {
        "completion_tokens": 180,
        "prompt_tokens": 7825,
        "total_tokens": 8005,
        "time_elapsed": 3.2570791244506836
    },
    "43": {
        "completion_tokens": 227,
        "prompt_tokens": 7908,
        "total_tokens": 8135,
        "time_elapsed": 3.6536641120910645
    },
    "44": {
        "completion_tokens": 204,
        "prompt_tokens": 7811,
        "total_tokens": 8015,
        "time_elapsed": 3.1512444019317627
    },
    "45": {
        "completion_tokens": 195,
        "prompt_tokens": 7889,
        "total_tokens": 8084,
        "time_elapsed": 3.075258731842041
    },
    "46": {
        "completion_tokens": 308,
        "prompt_tokens": 7904,
        "total_tokens": 8212,
        "time_elapsed": 4.423572540283203
    },
    "47": {
        "completion_tokens": 225,
        "prompt_tokens": 7913,
        "total_tokens": 8138,
        "time_elapsed": 3.3381032943725586
    },
    "48": {
        "completion_tokens": 302,
        "prompt_tokens": 7923,
        "total_tokens": 8225,
        "time_elapsed": 3.8659467697143555
    },
    "49": {
        "completion_tokens": 214,
        "prompt_tokens": 7918,
        "total_tokens": 8132,
        "time_elapsed": 3.5992026329040527
    },
    "50": {
        "completion_tokens": 216,
        "prompt_tokens": 7847,
        "total_tokens": 8063,
        "time_elapsed": 3.1861801147460938
    },
    "51": {
        "completion_tokens": 275,
        "prompt_tokens": 7953,
        "total_tokens": 8228,
        "time_elapsed": 3.816309928894043
    },