{
    "1": {
        "completion_tokens": 316,
        "prompt_tokens": 7829,
        "total_tokens": 8145,
        "time_elapsed": 41.14134454727173
    },
    "2": {
        "completion_tokens": 299,
        "prompt_tokens": 7837,
        "total_tokens": 8136,
        "time_elapsed": 32.99718618392944
    },
    "3": {
        "completion_tokens": 366,
        "prompt_tokens": 7876,
        "total_tokens": 8242,
        "time_elapsed": 30.486591815948486
    },
    "4": {
        "completion_tokens": 289,
        "prompt_tokens": 7839,
        "total_tokens": 8128,
        "time_elapsed": 32.15580487251282
    },
    "5": {
        "completion_tokens": 327,
        "prompt_tokens": 7921,
        "total_tokens": 8248,
        "time_elapsed": 38.09016704559326
    },
    "6": {
        "completion_tokens": 353,
        "prompt_tokens": 7924,
        "total_tokens": 8277,
        "time_elapsed": 31.745079278945923
    },
    "7": {
        "completion_tokens": 377,
        "prompt_tokens": 8019,
        "total_tokens": 8396,
        "time_elapsed": 41.57422733306885
    },
    "8": {
        "completion_tokens": 510,
        "prompt_tokens": 8005,
        "total_tokens": 8515,
        "time_elapsed": 55.65852952003479
    },
    "9": {
        "completion_tokens": 351,
        "prompt_tokens": 7906,
        "total_tokens": 8257,
        "time_elapsed": 32.71894836425781
    },
    "10": {
        "completion_tokens": 337,
        "prompt_tokens": 7902,
        "total_tokens": 8239,
        "time_elapsed": 35.34158229827881
    },
    "11": {
        "completion_tokens": 353,
        "prompt_tokens": 7942,
        "total_tokens": 8295,
        "time_elapsed": 34.38771963119507
    },
    "12": {
        "completion_tokens": 356,
        "prompt_tokens": 7848,
        "total_tokens": 8204,
        "time_elapsed": 30.88595223426819
    },
    "13": {
        "completion_tokens": 443,
        "prompt_tokens": 7953,
        "total_tokens": 8396,
        "time_elapsed": 40.871556997299194
    },
    "14": {
        "completion_tokens": 355,
        "prompt_tokens": 7864,
        "total_tokens": 8219,
        "time_elapsed": 37.91253709793091
    },
    "15": {
        "completion_tokens": 452,
        "prompt_tokens": 7984,
        "total_tokens": 8436,
        "time_elapsed": 44.53265142440796
    },
    "16": {
        "completion_tokens": 296,
        "prompt_tokens": 7839,
        "total_tokens": 8135,
        "time_elapsed": 31.548892736434937
    },
    "17": {
        "completion_tokens": 457,
        "prompt_tokens": 8151,
        "total_tokens": 8608,
        "time_elapsed": 50.689964056015015
    },
    "18": {
        "completion_tokens": 266,
        "prompt_tokens": 7804,
        "total_tokens": 8070,
        "time_elapsed": 25.49687957763672
    },
    "19": {
        "completion_tokens": 328,
        "prompt_tokens": 7901,
        "total_tokens": 8229,
        "time_elapsed": 26.580103397369385
    },
    "20": {
        "completion_tokens": 370,
        "prompt_tokens": 7929,
        "total_tokens": 8299,
        "time_elapsed": 34.60989832878113
    },
    "21": {
        "completion_tokens": 354,
        "prompt_tokens": 7832,
        "total_tokens": 8186,
        "time_elapsed": 29.553659439086914
    },
    "22": {
        "completion_tokens": 380,
        "prompt_tokens": 7907,
        "total_tokens": 8287,
        "time_elapsed": 36.031639099121094
    },
    "23": {
        "completion_tokens": 441,
        "prompt_tokens": 7984,
        "total_tokens": 8425,
        "time_elapsed": 43.821818828582764
    },
    "24": {
        "completion_tokens": 425,
        "prompt_tokens": 7992,
        "total_tokens": 8417,
        "time_elapsed": 39.50165295600891
    },
    "25": {
        "completion_tokens": 336,
        "prompt_tokens": 7895,
        "total_tokens": 8231,
        "time_elapsed": 35.02941584587097
    },
    "26": {
        "completion_tokens": 364,
        "prompt_tokens": 7949,
        "total_tokens": 8313,
        "time_elapsed": 31.662628412246704
    },
    "27": {
        "completion_tokens": 374,
        "prompt_tokens": 7882,
        "total_tokens": 8256,
        "time_elapsed": 36.448909282684326
    },
    "28": {
        "completion_tokens": 563,
        "prompt_tokens": 8285,
        "total_tokens": 8848,
        "time_elapsed": 48.54474759101868
    },
    "29": {
        "completion_tokens": 453,
        "prompt_tokens": 8075,
        "total_tokens": 8528,
        "time_elapsed": 52.796175479888916
    },
    "30": {
        "completion_tokens": 399,
        "prompt_tokens": 7907,
        "total_tokens": 8306,
        "time_elapsed": 42.83789801597595
    },
    "31": {
        "completion_tokens": 424,
        "prompt_tokens": 8108,
        "total_tokens": 8532,
        "time_elapsed": 45.64935636520386
    },
    "32": {
        "completion_tokens": 402,
        "prompt_tokens": 8059,
        "total_tokens": 8461,
        "time_elapsed": 38.21549916267395
    },
    "33": {
        "completion_tokens": 315,
        "prompt_tokens": 7863,
        "total_tokens": 8178,
        "time_elapsed": 29.49768567085266
    },
    "34": {
        "completion_tokens": 330,
        "prompt_tokens": 7898,
        "total_tokens": 8228,
        "time_elapsed": 30.26757788658142
    },
    "35": {
        "completion_tokens": 347,
        "prompt_tokens": 7953,
        "total_tokens": 8300,
        "time_elapsed": 37.92228937149048
    },
    "36": {
        "completion_tokens": 427,
        "prompt_tokens": 7916,
        "total_tokens": 8343,
        "time_elapsed": 37.580047607421875
    },
    "37": {
        "completion_tokens": 355,
        "prompt_tokens": 7872,
        "total_tokens": 8227,
        "time_elapsed": 40.47565841674805
    },
    "38": {
        "completion_tokens": 360,
        "prompt_tokens": 7916,
        "total_tokens": 8276,
        "time_elapsed": 31.816361665725708
    },
    "39": {
        "completion_tokens": 335,
        "prompt_tokens": 7839,
        "total_tokens": 8174,
        "time_elapsed": 33.0661199092865
    },
    "40": {
        "completion_tokens": 365,
        "prompt_tokens": 7853,
        "total_tokens": 8218,
        "time_elapsed": 37.52101254463196
    },
    "41": {
        "completion_tokens": 401,
        "prompt_tokens": 7961,
        "total_tokens": 8362,
        "time_elapsed": 39.88383078575134
    },
    "42": {
        "completion_tokens": 254,
        "prompt_tokens": 7810,
        "total_tokens": 8064,
        "time_elapsed": 26.626548290252686
    },
    "43": {
        "completion_tokens": 370,
        "prompt_tokens": 7928,
        "total_tokens": 8298,
        "time_elapsed": 32.66287279129028
    },
    "44": {
        "completion_tokens": 349,
        "prompt_tokens": 7858,
        "total_tokens": 8207,
        "time_elapsed": 32.29763317108154
    },
    "45": {
        "completion_tokens": 336,
        "prompt_tokens": 7896,
        "total_tokens": 8232,
        "time_elapsed": 34.971853494644165
    },
    "46": {
        "completion_tokens": 330,
        "prompt_tokens": 7856,
        "total_tokens": 8186,
        "time_elapsed": 30.16323709487915
    },
    "47": {
        "completion_tokens": 370,
        "prompt_tokens": 7970,
        "total_tokens": 8340,
        "time_elapsed": 43.04444408416748
    },
    "48": {
        "completion_tokens": 350,
        "prompt_tokens": 7896,
        "total_tokens": 8246,
        "time_elapsed": 38.1951060295105
    },
    "49": {
        "completion_tokens": 264,
        "prompt_tokens": 7889,
        "total_tokens": 8153,
        "time_elapsed": 26.995973348617554
    },
    "50": {
        "completion_tokens": 340,
        "prompt_tokens": 7928,
        "total_tokens": 8268,
        "time_elapsed": 35.97636866569519
    },
    "51": {
        "completion_tokens": 392,
        "prompt_tokens": 7971,
        "total_tokens": 8363,
        "time_elapsed": 34.60690999031067
    },